828850,romagcooking.ro
870695,keithurban.com
395368,kinsly.com.cn
488708,zhonga.ru
457719,nrml6oqtg.com
46340,lnmp.org
258242,motaword.com
64987,oo-software.com
549792,swisscollections.ch
26416,matrixreq.com
901378,close-up.com
721925,ultra4dtotox21.com
214404,insuring.com.cn
291654,ssyylm.cn
847164,xn--82ca9a9c9a3br8g.com
136952,canadawideliquidations.com
196842,hqchip.com
508298,ekz.de
124640,velocicast.io
613859,prima77ultra.com
232562,potato.im
595943,disguise.one
421117,nxstatic.com
915909,tim88anw.com
845613,wddc.com
371217,traknprotect.com
231941,stlouiscountymo.gov
973127,otzivi.online
710213,ai-porn.click
578180,iberoleon.mx
489618,kpslao.com
252870,officemaster.in
447714,cooco.net.cn
404818,bonde.com.cn
23089,lovewiki.faith
353153,xfcgolf.cn
931741,amitrecense.click
87389,whoyahocdn.com
536635,instajunction.com
698215,bswiftqa.com
807838,lands.go.tz
829413,rumibooks.net
269192,netbet.de
265953,100bye.cn
841012,trytropislim.com
942895,djiindiashop.com
752721,gya.es
723318,soft-porn.net
674462,hronika.su
239423,augusto.cn
463687,trustmark.org.uk
218665,melody.az
146028,94334.cn
285072,yatoon222.com
395349,28654.cn
430403,morievent.com
427833,udu2dyh4.com
193793,firstlink.net.np
129168,autoscout24.cz
499694,sn1.zone
962416,meibangchem.com
27012,canaltech.com.br
609997,freewebsite-service.com
379423,aig18.com
85110,phimjav.blog
409666,werft22.net
666234,vip555utama.com
652583,machineryline.rs
264593,szshui.cn
743885,rosenbaum-ops.com
904980,mediaco.com.au
446018,globis.ac.jp
708949,szlhq.gov.cn
400141,2baksa.ws
754567,truedigitalsecurity.com
193982,snarkfinance.com
482130,spcupdate.com
381917,mostoles.es
669681,netandwork.net
970364,bet97966.com
24290,canalplustech.pro
92237,radargood.com
379109,nigerianeye.com
690820,1win-zerkalo-ru.ru
712130,lsihost1.com
533011,cvsr.org
470585,medisorb.ru
460805,thecomfy.com
687268,fashny.net
745866,capitalbank.ru
552035,kindertap.com
236692,awsdns-cn-53.net
732751,kimariyor.com
964064,gambleroad.com
834595,sound4life.net
271907,nethostbox.com
135925,descomplica.io
23515,playsimple.co
802969,jayabola99.art
463517,vavada2258.com
862668,ogscapital.com
972291,pornchum.com
358600,amxe.net
788425,eamyo.com
641944,chartboosts.com
851631,jaea.net
898596,fangirlish.com
622442,euautoosad.ee
42977,mylifetime.com
792633,finsure.academy
53430,coinstats.app
61677,techlandgg.com
651370,kazinoekstra.com
645219,bluebirdio.net
567295,ciproffl.online
754002,larsaluarna.se
103058,onlinemetals.com
493367,deadseascrolls.org.il
81923,uniosun.edu.ng
551369,allosurf.net
847942,yogmaratha.com
358236,voetbal.com
562799,f41w1h0w.com
248179,data-5d.com
732914,dslaboratories.com
664690,onlineculinarymasters.com
906701,marmarishost.com
130264,assinemaya.com.br
943040,drait.edu.in
759894,strikkehula.no
230483,sendthisfile.com
923323,o2o.tools
990,weforum.org
863519,klimtechs.com
763491,smartphonestorekenya.com
171346,jollyroom.fi
488942,123articleonline.com
683224,ilvicolodellenews.it
458972,clarins.jp
58274,go.porn
941571,candycandy-soap.com
457804,clappit.com
61679,huispedia.nl
474898,shricloud.net
447944,bdaf.cn
844051,vicestreetwear.com
247633,czf1986.cn
464167,papreplive.com
269719,miygbze.cn
759108,bircancil.com
323842,11d91b.cn
152569,m604.com
302872,regmurcia.com
823011,pgplanning.es
653868,anoweb.cz
535904,gpsmele.it
523871,ambiente.gob.ar
526821,paconline.net
76404,bestialitysextaboo.com
253862,uniklinikum-saarland.de
403023,bolgs.ru
277645,moft.us
496799,optionsplay.com
176452,discoverboating.com
280590,ilevit.com
98090,savefrom.app
261448,zorafavorit.dev
278637,txycf.cn
837928,techgium.com
760357,all.soccer
282320,jpxx.net.cn
601362,touchtakeaway.net
908721,cloudserverdx.com
31019,cloudofs.com
591027,omacl.co.uk
333851,thebridge.jp
946494,judisgp.motorcycles
30946,gov.wales
596381,e-trak.ru
903329,shimun.net
537548,rushfiles.com
570285,ciproo.online
385293,hyblockcapital.com
739544,glade.ai
93612,cocdn.co
21814,weather.gc.ca
125177,americancentury.com
247445,servernameplus.com
247319,ey3d80n.cn
964967,off-market.it
19377,zalando.at
651618,findepartner.com
867226,cuore.ch
781471,change.sn
467868,shop-countrystore.com
506545,bmi.gv.at
14234,caradisiac.com
460740,conquerfinance.com
732796,a5r5br.net
145739,spark.io
801952,ipsseoapiazza.it
418966,halsen.cn
13844,contentmarketinginstitute.com
332586,xoto.com.cn
66221,nttdataservices.com
696676,linuxsc.pro
239528,univ100.kr
487115,getsava.com
298393,yeogie.com
324450,bidij.cn
773558,art-pol.pl
778441,bonatra.com
301994,madurasvideos.best
872997,kedsaustralia.com.au
347979,highlandwoodworking.com
293074,888pg444.com
313331,hitwh.edu.cn
40100,icicilombard.com
740313,campusgifts.co.uk
689577,gtout.net
759014,amebli.com.ua
526372,mamubaji5.com
529663,hertz.ca
787836,dscu.ac.kr
511008,eayonhair.com
925936,bookmakers-rank.ru
837608,tarotalmabarrios.com
241448,bogsfootwear.com
842173,ulstermusic.com
806667,kooora4life.com
957856,naibuzz.com
41294,lejsl.com
223175,fzweb009.cn
805783,kilogramm.com.ua
229886,resumelab.com
363613,ewtnreligiouscatalogue.com
418054,chienvert.com
683125,datan.fr
188966,termwiki.com
456950,sophiatolli.com
766242,0697d.win
153431,sololatino.net
592864,cepcompression.com
160643,sfchgtd.cn
95953,vexrobotics.com
22849,tractive.com
965728,tosan.com
451974,itamg.com
491511,juniorcouture.co.uk
347081,lko.at
361608,rymotech.com
770040,aceropanel.es
912749,publicadvisory.net
58863,paf.com
376466,cityweb.de
815091,montenegroeditores.com.mx
355110,virtuosity.com
314465,qhbxgs.cn
329284,moskomoto.com
61085,webometrics.info
25829,signageos.io
649810,stackip.net
627553,rostov-name.ru
116,snapchat.com
814673,mobiquel.com
356858,island.net
531871,xibet.com
987332,dolexo.net
825601,promoaccro.fr
886357,scmultirent.pl
187110,miz-mooz.com
420423,gymandfitness.com.au
427358,kmsgdw.cn
928058,mdproxyvpn.com
148643,longzguwaigua.com
144830,oceanpark.com.hk
825207,prestamato.es
92240,radio.or.ke
29381,mediacdn.vn
81746,kansascityfed.org
742668,splashcoins.com
346986,1win1163.ru
713162,toprocks.com
64916,elsol.com.ar
570174,melfinet.com.br
314051,gila138-masuk.pics
63800,wooordhunt.ru
612172,profi174.ru
870448,gorodkvadratov.ru
629750,ashianahousing.com
294167,locussoftware.com
755781,thewrightbrothers.co.uk
665067,playeldoz.xyz
995951,ednasia.com
25545,lsaccess.me
814893,mojkrajtakipiekny.com
725016,manorparkclassics.com
18580,batdongsan.com.vn
999521,syxfzk.com
896982,garmin-sport.com
123198,kheybar.co.uk
804824,karavi.shop
331510,betterce.com
511168,hatchards.co.uk
142284,miqilife.cn
677804,isego.shop
665142,localhost.sk
942791,die-mittagsmatrosen.de
12436,sdazgs.com
783262,collectionsorella.ir
563341,ib0.com
376033,hzhaotang.cn
49900,jigidi.com
463934,ivfrao.ru
610754,meetwives.com
992950,ne-derbyshire.gov.uk
933800,mostbet-kazakhstan-reg.com
857539,officiel-des-vacances.com
955017,www77vip.com
602335,rogueweb.com
585968,galaxykayaks.eu
360737,bit4id.com
92120,nregaplus.nic.in
989890,orientalwatch.com
539733,lordserials.cfd
617345,institutotrata.com.br
840693,trendingpagetoday.in
667759,moxmc.net
943846,famaz.edu.br
900057,poliverso.org
176278,selkirk.com
33601,voiceflow.com
776888,bets444.live
93915,celpip.ca
819523,oestemais.com
532821,alaskacollection.com
753647,observatoireprevention.org
707058,daniquejewelry.com
239275,lutongdz.cn
956777,dun-val.co
686946,houseofhawthornes.com
570022,sagaftraplans.org
831238,seikoiran.ir
791713,fantasme.eu
670435,cavawinebar.com
565428,unbounddigital.net
80238,knowledgeboat.com
154549,geelec.cn
419158,internetwebhosting.net
713773,visualobjects.com
913316,bushiroad-music.com
707904,anidub.pro
173826,mengshan8.com
648773,flexge.com
166808,iplacex.cl
932051,ai-dreamgirls.com
64061,flibusta.one
3109,shopee.ph
43358,colliderimages.com
493316,thetvratingsguide.com
431247,rovh.cn
60992,pluggedin.com
841993,uffmaal.com
946913,kjj3fj3.com
964757,noble.com
847544,y2mate.ing
221800,savetube.vip
137161,afpmodelo.cl
890977,e-gost.org.ua
310491,quzxx.cn
925606,software2.com
158977,playcabal.to
383325,elfyourself.com
94889,inforybelsus.com
618973,unimoniindia.com
721512,misteritogel-gd.com
789405,electrocases.in
17587,iiko.digital
1115,queniuaa.com
604165,slotozaltgcasino.online
362226,cryengine.com
155634,adidas.be
428862,winixamerica.com
92110,nise.res.in
664677,cinemascore.com
639138,imesaagetext.ir
290308,slots.info
873963,cazinovavada1.net
174527,egazette.gov.in
379339,netsuburban.com
151849,ezdrowie.gov.pl
91125,wartara.com
400922,zhongzhoubike.com
728238,cryptoreport24.com
79182,realescort.eu
475825,dsplus360.com
383683,rc.ru
451514,lguplus.co.kr
704229,max-boegl.de
300379,dealhack.com
212884,recliquecore.com
207852,beepbeep-casino.de
770684,agrilevante.eu
963477,thainews.live
332451,szkebe.cn
859011,egecmena.com
202024,sdxintu.com
128565,zeronorth.app
476499,lomejordelbarrio.com
668533,aerohost.net
469695,solowebsolutions.uk
541220,goinvest.ru
368779,healthiersteps.com
198719,agnocafe.com.br
595116,paari.de
573356,tkrus.ru
527218,iflr.com
770499,africandjspool.com
616614,deltamtco.com
607513,re-musubi.jp
716856,expresss.store
520179,section-8-apartments.org
376566,ssib.es
541242,tristar.com
884594,adulthd.info
841646,u2math.co.kr
630508,arthritis-uk.org
901523,redbullwioslempoodrze.pl
914757,pnppk.ru
834556,sos.co.id
99811,jasoseol.com
231187,phlur.com
540278,hostinw3.com
527222,icefishesoverflourcraven.monster
463454,dohost.us
713803,webworldhub.in
994955,ampps.com
468508,trailcenter.la
676691,jcnnewswire.com
359191,concordia.ch
721556,myrevo999.com
956058,reactual.com
261904,beruby.com
501701,cim.org
903208,compwebtech.com
143149,abilixsoft.eu
553036,daroohome.com
932818,googlepleqy.com
785441,dawshaaa.com
821158,owocowedrzewa.pl
538439,tvkinooseriya.pro
364025,johnbeerens.com
707871,toosurtoo.com
87882,jilkatha.com
666218,gnhustgames.org
748829,fabthemes.com
987202,wiegersxl.nl
460612,rsrenyu.cn
338752,daejonilbo.com
257801,fox56news.com
436286,statconsult.de
287675,yizziwd.cn
289821,cfapi.net
786037,desinme.com
465363,cpvp.ru
926664,mickaelcollinet.fr
366827,paypal-haitaopartner.com
22735,naijared.com
19654,em6b6vip.com
687173,empoweredsustenance.com
97266,dramaboxapp.com
808371,legalsewa.co.in
17412,langame.ru
809679,lojaserenavestidos.shop
936978,5f51e44.xyz
135388,air1.com
106699,receptabc.hu
70686,interestingfacts.com
521972,stackedaerospace.com
279722,nsmainme.xyz
645421,optp.com
513214,trek-expert.fr
86474,141love.net
101464,philarchive.org
39253,eatcells.com
299755,connectwithtopemployersforjobs.com
719701,nobiadigital.com
501049,gkarmada.ru
973544,electronicsforless.ca
569780,honclub.us
459596,fire85.com
769220,92phk.com
168745,imodulesqa.com
809201,lirf.org.dz
957732,gentlemensfootwear.com
858822,cimafoundation.org
32322,speechpro.com
572735,adventiel.net
741172,mikeforce.net
599544,justcapital.com
45092,p-dns.biz
499772,sunwinhotellighting.com
399646,fopiao.cn
113978,sec0org.com
269891,aiitda.cn
175669,totalregistration.net
498269,sedostransport.cz
603448,702auctions.com
566103,gissil.click
660345,uchportal.ru
806622,konigs-krone.shop
442102,eoshd.com
188984,helloprint.com
912919,cheekyrascals.co.uk
254286,3kq8cq.com
940623,barracudacampus.com
394594,novogod-shop.ru
863202,beorignal.com
735015,henryart.org
830354,sanuk99v1.com
508537,megaedd.com
584035,camsweets.com
36836,forbes.fr
635771,tech-nick.com
148902,universidadean.edu.co
269115,magii.cn
731290,xxx-video.live
264964,elobooster.cn
933695,zczc.cz
966420,nursinglicensemap.com
281093,uneedx.com
213356,hljiu.com.cn
669531,mj77.one
664092,secure-dns.de
90672,raja123nex.site
244069,nasawatch.com
641965,afterwin88utama.com
905288,colowinhigh.com
593098,netapult.net
718045,pubvn.net
993874,sportslifelb.com
72495,fiction.live
366945,0815.com.cn
452271,yushakobo.jp
219376,sau.edu.cn
505156,ouskino.com
541817,hertz.nl
23370,tipster.bg
93283,uas.edu.mx
188836,slidetodoc.com
26593,digitgaming.com
260272,icstsi.com.pk
55910,123stitch.com
333986,yjsz.net.cn
792264,ff4dksjfodisjfer8t8uhdf.com
316815,truce.cloud
678866,sherpadesk.com
504326,prodealcenter.fr
670608,511ia.org
739364,mibiz.com
10319,pubgmobile.com
57195,kocaeli.edu.tr
310846,verestro.com
766439,11uu.org
408912,giselebonin.com
940256,asira77-ori.com
192789,bolttech.io
148013,webmad.de
331851,ytravelblog.com
488460,mostbet12003.ru
813906,milftoon.org
913586,saferip.uk
980361,glowingglobe.com
596769,mettle.co.uk
650430,isabellelegeron.com
522972,servidor5.net
539460,kanbanchi.com
341392,inez-guv.site
719087,dystonia-foundation.org
542249,digikar-smart.jp
16014,iwm.org.uk
166755,casinospilnu.dk
534915,vgperson.com
145418,smsticket.cz
926849,svetodom.ru
15972,finishline.com
673923,webber.forsale
383158,tapmediapro.com
933747,draragon.com
737247,daylaixelamgia.com
574721,istyle.hu
718215,finto.fi
824598,poracciinviaggio.it
963402,pxsol.io
990927,811trac.com
481707,brand-auc.com
407944,meinibs.de
276340,kdpu.edu.ua
44139,pcbltools.ru
946188,jakseltoto.guru
546122,dakota.mn.us
705722,ufacup88.co
755034,bootycallsgame.com
194477,ssgadm.com
822171,paulaandrade.pt
478555,truckmountforums.com
838437,texno-sad.by
515616,wizzz.net
67434,wsav.com
40666,k1pool.com
820514,oplk25.com
677383,espguitars.ru
816176,muzify.com
734962,ninnico.com
948929,na789b.com
43267,defcon.org
53041,hotfile.com
365742,sytexpress.cn
912626,subto.com
243389,ideeel.net
318615,tyghbls.cn
702237,softwebideas.com
665647,maritime-union.com
145928,trivago.nl
203425,herault.fr
353632,ymy2008.cn
298470,latin-is-simple.com
534167,musicplate.net
695664,lazysoci.al
810858,madnum.com
542186,ral-farben.de
723821,alfeker.net
190021,dynamite.net.nz
383154,unjaya.ac.id
100956,infiniteshero.com
870372,programmaticwidget.com
223518,qtqgs.com.cn
813506,meudiarioescolar.com.br
998042,plesner.com
388173,synterlinedigital.com
228445,14ymedio.com
215741,etv-mds.uk
402231,txxx-tube.online
152400,strata.com
279326,tozxiqud.cn
365415,sticksports.com
579101,rocketman-casino-club1.ru
556651,yzx-port.com
496278,zurichinvest.ch
899797,robespk.com
664661,triplemountain.com
868246,ookee.ro
943994,ficde.org
622114,akvis.com
686437,gz91.com
257375,specobluep2p.com
927742,abbeautyworld.com
572519,unkris.ac.id
131079,fastflowplastics.co.za
573208,senaipr.org.br
214646,langantiques.com
328986,hostlegion.com
807157,kuka19.com
855230,ral.gl
465746,mywebsite-now.com
617598,laplateformeducoiffeur.com
108571,radmin-te.com
655401,macgoodeve.com
412801,docupub.com
246485,bfys8.cn
962947,updater.eu
379867,beef-way-one.com
984861,kraken-zone.com
542722,civista.bank
513082,tuicontent.nl
79472,supremebox.com
699688,bizzocasinoreviews2.com
453027,efbet.it
175444,fatima.edu.ph
75974,brestcity.com
9717,goodsync.com
278936,fbs.net
960221,intact.ru
474818,shadestation.com
618988,upskirt3.com
749802,manpower.se
758491,bookyourwebsite.in
667002,gorillaworkwear.co.uk
782067,cineciudad.com
784744,curvedream.co.uk
344648,nbeoyh.cn
717674,carson-family.com
732929,theshoestation.co.uk
998824,maremma.su
589384,stephanparis.fr
380430,eaaaxov.cn
368231,w2531.cn
603784,9jcg.com
92615,zapsi.net
583125,joyfulnoiserecordings.com
219826,0532ren.cn
284143,maheir-aj700.shop
819284,oanddan.com
471673,skill-helper.com
17629,free2move.com
73117,moebelix.at
501245,gksmmail.com
757979,stash.games
885187,nepris.com
127248,myfitapp.de
359251,motorama.cn
984322,veryfyglobal.com
517211,hrsonline.org
511902,hostbit.gr
480279,colgateoralhealthnetwork.com
383840,jetdino.com
447102,wipsites.com.br
707960,hostclear.com
531182,aspro-try.ru
857315,webcloud.cz
804808,karanje.org
27906,plutonos.net
160395,zszxuan.com
77426,generasimaju.co.id
737803,k3cdn.com
947367,legiano-0535.com
948624,moosekids.com.br
621245,nav-it.pro
442248,riomilf.com
988295,simplestream.com
530888,vanhllk.com
759726,picmondoo.de
523921,fastfinder.app
288766,filmotv.fr
245746,dcweq.cn
526969,tauckemail.com
581388,myeztrips.com
58250,significados.com
469502,gytcnb.cn
356114,acbio.org.za
914658,rarexoticseeds.com
853085,unx.com
852585,lefont.ru
591694,dumfriesandgalloway.gov.uk
717284,calfeedesign.com
284657,sflixto.tube
91693,ezectech.com.br
501846,pottersignal.com
837879,teaminterval.net
417190,preispirat.ch
575096,peyoung.co.jp
374254,jxhrgc.cn
467865,abiviahost.ca
582217,itc.it
443600,play25.games
643726,elive.dev
923880,bbqcdn.com
432169,ntr888.cn
198287,pesuacademy.com
699068,kinoplay.top
7072,bunshun.jp
40584,iperson.xyz
742246,sepehrtv.org
812331,maxnum7.life
46378,doctorbetcasino.com
937005,intimatetickles.net
142888,unit4.com
451482,xn----ftbebcq4afiq2ji1a.xn--p1ai
703126,municipalities.co.za
900776,kirainet.com
662109,autoallianse.com
79915,superprofile.bio
183776,korendy.com.tr
305254,ndd997.cn
226831,skn.dev
912017,premier-one.com
813199,mensbigen.jp
192011,hrblockonline.ca
345719,lwxsf.cn
987243,academ.club
822081,passone.kr
416219,geoforum.pl
232744,sqtaj.cn
17488,qq-os.com
582537,365livesport.co
227321,discountschoolsupply.com
655683,kids-comfort.com
984829,mytennishq.com
955374,zapaka.pt
789702,emaratiscents.com
398277,aabcollection.com
885881,musetechnical.com
792489,filmy4waps.org
176181,nic.builders
508764,sortd.pro
22941,bet-master.club
175589,catalog.com
989426,kappersakademie.nl
213188,mollielabs.net
518063,sompo-japan.jp
517268,streamvid.dev
597608,avp.org
675260,linkbacol.skin
815235,mostajadat-alwadifa.com
999136,nieuwbouw.nl
431869,umla.ac.id
543458,morematthews.com
368002,stonesthrow.com
916685,ciclometa.com
835010,sportident.online
284487,pusulabet959.com
861514,tasarimda.net
26487,domrf.ru
923432,baublatt.ch
209943,eurotogel.me
101494,nbs.rs
395321,brobalair.store
907507,intuitor.com
768020,5xpg88.com
240797,skad.ru
362495,abcvdi.com
131715,neohosting.id
639013,clickvoo.com
832596,siae.cl
671987,argentina-hosting.com
200183,sig.ch
883532,joanjett.com
696704,surveystars.com
533380,ventadeapartamentosencali.com
556750,kfc.cz
113121,njghwl.com
741443,charleroi.be
348396,ithethao.net
954543,viralnews24.info
708678,focus-server5.gr
127012,frostnerd.com
292451,gringa.com.br
652039,yumeyado.jp
70406,documentforce.com
957506,negotiations.com
411741,whhuafeng.com
242184,johnlscott.com
554697,polestarglobal.com
660013,iirp.edu
725053,medic.chat
383449,mpysumm.cn
493094,topdrinks.dk
491593,krimparts.ru
505807,nojoom.top
272821,saopaulofc.net
504876,wixstor.com
438969,bauzaar.it
113348,1september.ru
829283,rtpjitulive.site
733563,telarus.com
215679,denbighshire.gov.uk
698302,palermolive.it
311808,675d.cn
592532,zfilm-hd-1240.online
623470,niji-ero.net
286472,strangerthings.club
828270,rghospitals.com
120652,backgroundcheck.com
372403,regika.net
285130,nomadix.com
408768,marmelada.co.il
527962,001win7.cc
934723,tv8815.com
565836,ybswa.com
198328,freefirejornal.com
910810,mtk.ltd
889844,tsscholarship.com
679119,investmentsaims.com
426917,travellingman.com
675537,aplasticbag.com
745514,itways.in
560461,f2mc.ir
914869,thisdogslife.co
926462,xvideos-rus2.com
647042,coniugazione.it
552253,mecs-press.org
232775,crkjw.cn
908378,rigi.it
223657,computercompany.net
219277,facta.co.jp
323987,bb-online.co.uk
234932,ffa.am
444774,frankbody.com
456698,dzzbw.cn
165083,belc.jp
489168,jieyang.gov.cn
595799,safe2choose.org
757669,momondo.com.pe
146653,skd.se
422866,fof.dk
746986,madrugon.com
483133,atmos.chat
579248,ahjjjc.gov.cn
544668,htx.ro
990644,outlete.es
528781,giannicalzature.it
255087,oncloud.gr
843065,uttar.co
474766,212133.xyz
489558,icravedelivery.com
748012,aegisdentalnetwork.com
717256,iconbydesign.com.au
551603,octateam.us
495211,revecore.com
771883,amancross.com
262245,ohys.net
26951,uprr.com
239794,medflyfish.com
622929,akplaza.com
685685,rongshan0591.top
611724,oaj.fi
111829,banana-tree.com
534861,balmoralcastle.com
859271,nonsmanonline.com
399093,paradoxlondon.com
264800,ticketmaster.at
97507,nyxop.net
929443,aihub.ws
126833,iceportal.com
84959,brewersassociation.org
699186,mydoorphone.com
711301,mdm.ca
452134,zak.com
948146,mbmc.gov.in
330263,factoryinternational.org
475419,hcnotifications.com
479342,doodporn.xyz
696450,ledes.net
633183,galeriadelcoleccionista.com
49147,epocacosmeticos.com.br
448281,kariermandalawaluya.ac.id
716442,romiohan.biz
565612,warpstream.com
716875,tracksideresults.com
575820,riegoscuauhtemoc.com
696090,juniperdns.com
189615,logomyway.com
804111,juniora.pl
149573,gcflearnfree.org
593951,vicdn.cloud
542804,automated.la
115579,ecuhealth.org
900171,sistemi.hr
912593,bigbobblehats.co.uk
185712,up4stream.com
1721,elephantbet.co.mz
117299,bizay.com
809808,lorentinachile.com
871855,slotozal.cool
749093,lapto.net
493059,notinhalloffame.com
721583,nusa89raja.com
486774,tnagofsg.com
541681,jolly-mec.it
941120,bluevid.cam
339570,sznhe.cn
885586,siteencore.com
370479,vivanaill.ru
700994,dnetnetworks.com
524800,propertypro.co.ke
591624,roofracks.co.uk
306535,sostelecomsistema.com.br
134875,wirexapp.com
581076,everpress.com
428062,52kid.cn
674426,hd-lordfilm.com
60702,def.zone
366016,monroeengineering.com
574316,wieltuahsdfk-jlafh-05.info
315771,timvandevall.com
413381,ambmaroc.ru
833659,slottica227.com
243957,ballzaa4.com
158793,horsemancognomen.com
321705,alkohol.cz
298300,aag.org
831375,sembolgold.com
272134,webstream.net
78313,bountystory.tech
284939,utcsnagaland.in
290803,mall000106.cn
162495,stormyfield58.pro
892435,sf-scanner.ru
266169,1ep3q9cl.cn
464926,mirex.gob.do
760505,ki4.de
929196,bs699.com
718313,bradfordassocri.com
347058,healthipass.com
629533,bk8.plus
133414,premera.com
682673,overflixtv.ltd
289812,isharingapp.com
631677,bigben.fr
22583,bolabet.co.zm
